{"mle": [1302, 0.532258064516129, 0.580971164716307, 0.9802247419389954, 0.03581051093884794, 0.0, 0.23963133640552994], "bayesian": [1297, 0.5366229760986893, 0.582572525497282, 0.9779542358965975, 0.015132834642025013, 0.0, 0.2405551272166538]}