{"dixon_coles_elo": {"roi": -0.033757482107638605, "n_bets": 572, "bet_rate": 0.7342747111681643, "hit_rate": 0.3531468531468531, "ending": 53.95871127266185, "maxdd": 0.7425557978597516}, "bayesian": {"roi": -0.3108557518989874, "n_bets": 689, "bet_rate": 0.8844672657252889, "hit_rate": 0.20319303338171263, "ending": 0.06204632047252162, "maxdd": 0.99939305999705}, "market_fused": {"roi": -0.12013636472176097, "n_bets": 319, "bet_rate": 0.40949935815147626, "hit_rate": 0.29780564263322884, "ending": 34.69987714466123, "maxdd": 0.7093485182920277}}